Piure de naut cu carne condimentata,GLUTEN_FREE;LUNCH,250 gr naut fiert (+ 100 ml apa in care a fiert);25 gr unt;25 gr ulei de masline extravirgin;1 lingura suc de lamaie;sare;piper negru proaspat rasnit;250 gr carne macinata (de vita/vitel sau miel);1/2 lingurita pasta de ardei (iute sau dulce);1/2 lingurita chimion macinat;1/2 lingurita coriandru boabe macinate;1/4 lingurita turmeric;coaja rasa de la 1/3 lamaie bio;75 ml apa in care a fiert nautul;cateva rosii cherry (optional);patrunjel si marar pentru decor;sare; piper negru,2,753,1450,https://www.e-retete.ro/files/recipes/xpiure-de-naut-cu-carne-condimentata.jpg.pagespeed.ic.BS4jLGVLF1.jpg,https://www.e-retete.ro/retete/piure-de-naut-cu-carne-condimentata,f332b38d-487a-480b-95d8-04c447462532
Vita cu legume la cuptor,LUNCH;GLUTEN_FREE,500 gr ceafa de vita (sau antricot);500 gr cartofi;1 ardei kapia rosu (cca 150 gr);1/2 ardei kapia verde (cca 75 gr);1 ceapa medie;3 catei mari de usturoi;3 rosii din conserva (sau 1 rosie mare proaspata si bine coapta);1 lingurita rasa oregano uscat;1/4 legatura patrunjel;1/2 lingurita menta uscata;1 lingura pasta de ardei dulce;1 foaie mare de dafin;5 linguri de ulei;sare;piper negru;fulgi de chili,4,1237,1870,https://www.e-retete.ro/files/recipes/xtocanita-de-vita-cu-legume-la-cuptor.jpg.pagespeed.ic.H1hY2epcMj.jpg,https://www.e-retete.ro/retete/vita-cu-legume-la-cuptor,31a6b806-6bf6-41dd-858a-4511b16d1853
Limonada cu mango,DRINKS,1 conserva de mango in sirop (de 425 gr);100 ml suc de lime (de la 2-3 limes);coaja rasa de la 2 limes;650 ml apa minerala;menta,0,1192,577,https://www.e-retete.ro/imagini/retete/limonada-cu-mango.jpg,https://www.e-retete.ro/retete/limonada-cu-mango,cf87467e-6284-4888-aa58-9d118d7625d4
Omleta taraneasca la cuptor,GLUTEN_FREE;BREAKFAST,4 oua;50 gr bacon;1 ceapa mica (cca 50 gr);1 cartof mediu (cca 200 gr);2 fire patrunjel;1 fir mic tarhon (sau marar);1 lingura ulei;sare;piper negru,2,613,1409,https://www.e-retete.ro/imagini/retete/omleta-taraneasca-la-cuptor.jpg,https://www.e-retete.ro/retete/omleta-taraneasca-la-cuptor,57c816d3-02f8-48e7-8729-e1b5e010c179
Pui cu dovlecei,DINNER;GLUTEN_FREE,500 gr carne de pui;1 dovlecel mediu (cca 500 gr);1 ceapa medie;1 ardei gras rosu;2 catei de usturoi;1/4 legatura patrunjel;3 rosii din conserva (+ sucul de pe ele);1 lingurita cu varf pasta de rosii;1/4 lingurita turmeric;1/8 lingurita scortisoara macinata;1/8 lingurita nucsoara macinata;1/8 lingurita chimion macinat;1/8 lingurita cardamom verde macinat;2 linguri ulei;sare;piper negru,4,1151,1360,https://www.e-retete.ro/imagini/retete/pui-cu-dovlecei.jpg,https://www.e-retete.ro/retete/pui-cu-dovlecei,8a91617b-da55-42ce-8bf1-33ae84facba5
Chiftele pane,DINNER,350 gr carne tocata de vita; 1 ceapa medie;45 gr orez ;1/4 lingurita chimion macinat;1/4 lingurita pul biber; 1/2 lingurita sare;piper negru;cateva fire de patrunjel;2 oua;3 linguri faina;2 linguri ulei,10,973,2544,https://www.e-retete.ro/imagini/retete/chiftele-pane.jpg,https://www.e-retete.ro/retete/chiftele-pane,c139c190-0719-41fa-bc68-632bad45a871
Cartofi copti cu ceapa caramelizata rucola si telemea,DINNER;GLUTEN_FREE,4 cartofi (medii);70 gr ceapa la cuptor;2 maini rucola ;50 gr telemea (de oaie);2 linguri ulei de masline,4,893,1120,https://www.e-retete.ro/imagini/retete/cartofi-copti-cu-ceapa-caramelizata-rucola-si-telemea.jpg,https://www.e-retete.ro/retete/cartofi-copti-cu-ceapa-caramelizata-rucola-si-telemea,f35d1c6a-26e8-40a6-9cc2-96acfbe43c84
Supa cu somon,LUNCH;GLUTEN_FREE,500 gr somon (file);1 ceapa mica;1 ardei gras rosu; 2 catei usturoi;3 rosii din conserva;2 fire apio;2 cartofi;1 fenicul;100 gr smantana acra/fermentata grasa; 1 lingurita cu varf verdeata de fenicul tocata;3 linguri ulei;1/4 lingurita chili fulgi (optional);sare;piper negru,4,1063,1030,https://www.e-retete.ro/imagini/retete/supa-cu-somon.jpg,https://www.e-retete.ro/retete/supa-cu-somon,9e7926bc-c919-43e3-b8b6-3f17db37d021
Ice tea cu fructul pasiunii,DRINKS,4 lingurite cu varf ceai negru (sau verde);5 bucati fructul pasiunii (maracuja);1 cana zahar;gheata,5,376,250,https://www.e-retete.ro/imagini/retete/ice-tea-cu-fructul-pasiunii.jpg,https://www.e-retete.ro/retete/ice-tea-cu-fructul-pasiunii,aa5da600-a13e-4c96-b94c-2be5fb340b88
Budinca de ovaz cu cacao,BREAKFAST,200 gr fulgi de ovaz; 150 gr cartofi dulci copti;2 oua;35 gr cacao;1 lingurita praf de copt;1 priza de sare;1/2 lingurita scortisoara;50 ml ulei;25 gr unt de migdale (sau alt unt de nuci);100 gr zahar;400 ml lapte (de vaca sau vegetal),6,1100,1154,https://www.e-retete.ro/imagini/retete/budinca-de-ovaz-cu-cacao.jpg,https://www.e-retete.ro/retete/budinca-de-ovaz-cu-cacao,70ca5c5b-a71e-47ab-9317-39c7b40a30e6
Trufe de ciocolata alba cu ghimbir,DESSERT;GLUTEN_FREE,150 gr ciocolata alba;50 ml smantana pentru frisca (minim 35% grasime);5-7 gr ghimbir;coaja rasa de la 1/4 lamaie; nuca de cocos,0,237,1100,https://www.e-retete.ro/imagini/retete/trufe-de-ciocolata-cu-ghimbir.jpg,https://www.e-retete.ro/retete/trufe-de-ciocolata-alba-cu-ghimbir,5f9b65cc-6665-4bfa-859b-aad0f521359b
Salata de naut cu avocado si branza de capra,BREAKFAST;GLUTEN_FREE,250 gr naut fiert;50 gr branza de capra proaspata;1 avocado;1 ceapa rosie mica;1/2 legatura patrunjel;5 fire marar;coaja rasa de la 1/2 lamaie mica;2 linguri suc de lamaie;1-2 linguri ulei masline;sare,2,637,930,https://www.e-retete.ro/imagini/retete/salata-de-naut-cu-avocado-si-branza-de-capra.jpg,https://www.e-retete.ro/retete/salata-de-naut-cu-avocado-si-branza-de-capra,b0591f02-169d-4ff8-9be1-729beac1a7ae
Frigarui de creveti cu sos de mango,DINNER;GLUTEN_FREE,30 creveti (650 gr necuratati);2 linguri sos Sriracha;2 linguri ulei de masline;2 catei de usturoi;1/2 lingurita miere (sau zahar);5 fire patrunjel;sare;piper negru;Sos de mango;1/2 mango mare; 1/2 lime;2 linguri ulei de masline;sare;piper negru,6,793,1250,https://www.e-retete.ro/files/recipes/frigarui-de-creveti-cu-sos-de-mango.jpg,https://www.e-retete.ro/retete/frigarui-de-creveti-cu-sos-de-mango,a28e962d-71d8-4eca-bb1d-67a2e126fa40
Sandwich cald cu mozzarella si prosciutto,BREAKFAST,2 felii paine taraneasca (sau ciabatta);2 felii prosciutto crudo;2 felii mozzarella;1 castravecior murat;1 frunza salata verde;3-4 felii rosie;putin ulei;sare;piper,1,330,717,https://www.e-retete.ro/imagini/retete/sandwich-cald-cu-mozzarella-si-prosciutto.jpg,https://www.e-retete.ro/retete/sandwich-cald-cu-mozzarella-si-prosciutto,848da345-13b1-4861-86ea-6b9870731dfb
Pui cu ghebe si vin rosu la cuptor,LUNCH;GLUTEN_FREE,500 gr carne de pui;1 punga ghebe congelate (450 gr);2 cepe;1 morcov mic;4 catei usturoi;1 lingura pasta de rosii;1/2 conserva de rosii (de 400 gr);1/4 legatura patrunjel;2 fire cimbru (proaspat sau uscat);1 lingurita pudra de hribi (optional);100 ml vin rosu sec;2 linguri ulei;sare;piper,3,1503,2056,https://www.e-retete.ro/imagini/retete/pui-cu-ghebe-si-vin-rosu-la-cuptor.jpg,https://www.e-retete.ro/retete/pui-cu-ghebe-si-vin-rosu-la-cuptor,4cb5c00f-3c7c-4a89-9d81-26b7b618f0a4
Limonada cu castravete,DRINKS,250 ml suc de lime (de la 6-7 lime);6 castraveciori proaspeti;1 cana zahar;4 cani apa rece;250 ml apa minerala carbogazoasa (1 cana);menta;cuburi de gheata,0,2250,1000,https://www.e-retete.ro/imagini/retete/limonada-cu-castravete.jpg,https://www.e-retete.ro/retete/limonada-cu-castravete,df039ca5-36a6-4cb0-8a7f-edd832bb5bc2
Piept de pui cu leurda pe orez cu pecorino,LUNCH;GLUTEN_FREE,500 gr piept de pui;1 legatura leurda (aprox 35 gr);1/2 lingurita pasta de ardei iute;3 linguri ulei masline;sare;piper negru;fulgi de chili;Orez cu pecorino;25 gr pecorino (parmezan sau alta branza);piper negru,4,2102,3060,https://www.e-retete.ro/imagini/retete/piept-de-pui-cu-leurda-pe-orez-cu-pecorino.jpg,https://www.e-retete.ro/retete/piept-de-pui-cu-leurda-pe-orez-cu-pecorino,3886f26c-67f7-4f4f-9158-b7a6913ee513
Scones cu malai,BREAKFAST,300 gr faina alba;120 gr faina de porumb (malai fin);1 lingurita zahar;1 lingurita cu varf sare;1 plic praf de copt (10 gr);1/2 legatura marar;1 morcov razuit;115 gr unt rece;150 gr iaurt grecesc;2 oua;150 gr telemea (de capra);4 linguri lapte;seminte de susan pentru decor,16,1191,2425,https://www.e-retete.ro/imagini/retete/scones-cu-malai.jpg,https://www.e-retete.ro/retete/scones-cu-malai,c6535b60-5ba9-4667-a5bb-9c1b0dfde03e
Bautura racoritoare din pepene rosu capsuni si banane,DRINKS,500 gr pulpa de pepene rosu;20 capsuni (aprox 300 gr);1 banana coapta;1 lingura zahar;1 esenta vanilie,5,923,327,https://www.e-retete.ro/imagini/retete/bautura-racoritoare-din-pepene-rosu-capsuni-si-banane.jpg,https://www.e-retete.ro/retete/bautura-racoritoare-din-pepene-rosu-capsuni-si-banane,14467f0e-1cfc-4f03-bfc6-db829039d6c2
Piept de pui cu salsa de rosii cherry coapte,LOW_CALORIES;GLUTEN_FREE;DINNER,1 piept de pui (cca 500 gr);1 lingura ulei;sare;piper negru;fulgi de chili;Salsa de rosii;400 gr rosii cherry (colorate daca se poate);2 linguri ulei de masline;2 catei usturoi;3 lingurite cu varf capere (in otet);1 ceapa rosie mica (cca 35 gr);1/2 lingura suc de lamaie;1 lingurita otet;10 frunze busuioc;5 fire patrunjel;sare;piper negru,2,984,1679,https://www.e-retete.ro/imagini/retete/piept-de-pui-cu-salsa-de-rosii-cherry-coapte.jpg,https://www.e-retete.ro/retete/piept-de-pui-cu-salsa-de-rosii-cherry-coapte,93668758-b2e1-45e5-a855-aa09cbba4aff
Supa de dovlecei,LOW_CALORIES;GLUTEN_FREE;DINNER,4 dovlecei mai mici (cca 800 gr);1 ceapa mica (cca 70 gr);1 legatura ceapa verde (5-6 fire cca 35 gr);1 legaturica patrunjel (cca 30 gr);1 catel mare de usturoi;coaja de la parmezan (cca 30 gr);1 fir busuioc (cam 10 frunze);3 linguri ulei;sare;piper negru,3,2187,653,https://www.e-retete.ro/imagini/retete/supa-de-dovlecei.jpg,https://www.e-retete.ro/retete/supa-de-dovlecei,749d2ff8-9639-4788-82dc-ce792dc9d58e
Vinete umplute cu legume,LOW_CALORIES;GLUTEN_FREE,2 vinete (nu foarte mari);1 1/2 cepe;1 ardei gras;3 rosii bine coapte;100 gr cascaval afumat;1/4 legatura patrunjel;3 linguri ulei + ulei pentru uns vinetele;1 lingurita oregano uscat;sare;piper,0,1183,781,https://www.e-retete.ro/imagini/retete/vinete-umplute-cu-legume.jpg,https://www.e-retete.ro/retete/vinete-umplute-cu-legume,abdf8bb8-cc68-4bc3-bc27-6240795488a7
Sushi Maki,LOW_CALORIES;GLUTEN_FREE;LUNCH,1 portie orez pentru sushi; 300 gr somon file (sau alt peste);1 castravete;foi nori;wasabi;ghimbir in saramura;sos de soia,6,885,1025,https://www.e-retete.ro/imagini/retete/sushi-maki.jpg,https://www.e-retete.ro/retete/sushi-maki,87cb1677-10fd-4c90-810a-a76032445ae0
Ciorba de miel cu leustean,LUNCH;GLUTEN_FREE,1 kg oase de miel/berbecut +pulpa;1 morcov mare;1 ceapa medie;1 felie generoasa de telina;1 radacina patrunjel;1 fir frunze de telina;1/2 ardei rosu (kapia);1 rosie medie coapta;1 lingurita boabe piper;2 linguri otet de pe ardei iuti murati;suc de lamaie dupa gust;4 linguri ulei;2 linguri orez;4 fire bogate de leustean;sare,7,1523,1848,https://www.e-retete.ro/imagini/retete/ciorba-de-miel-cu-leustean.jpg,https://www.e-retete.ro/retete/ciorba-de-miel-cu-leustean,64fb2410-da62-4d47-b64b-724843bb33a6
Chec cu banane si scortisoara,DESSERT,250 gr faina alba;3/4 lingurita praf de copt;1/4 lingurita bicarbonat de sodiu;2 oua;200 gr zahar;1/2 pastaie de vanilie (sau 1/2 lingurita pasta de vanilie);225 gr unt topit;3 banane foarte coapte;Amestec cu scortisoara;2 linguri unt topit (retinute din untul de mai sus);1 lingurita scortisoara;3 linguri zahar brun;1/2 lingurita cacao,0,1227,3508,https://www.e-retete.ro/imagini/retete/chec-cu-banane-si-scortisoara.jpg,https://www.e-retete.ro/retete/chec-cu-banane-si-scortisoara,aeaa84ec-9542-4428-a877-c83bf405d29d
Prajitura cu branza si afine,DESSERT,100 gr faina alba tip 550; 100 gr faina alba tip 480;1 plic praf de copt;1/4 lingurita sare;200 gr zahar;2 oua;125 ml ulei;225 gr iaurt; 500 gr branza de vaca (cremoasa);1 lingurita esenta vanilie (sau 1/4 lingurita scortisoara macinata);coaja rasa de la 1/2 lamaie;225 gr afine (sau coacaze rosie/neagra),0,1883,3153,https://www.e-retete.ro/imagini/retete/prajitura-cu-branza-si-afine.jpg,https://www.e-retete.ro/retete/prajitura-cu-branza-si-afine,ccdec699-2b22-466e-a9a1-e47f3e566059
Ghiveci de legume cu jumari de oua,BREAKFAST;GLUTEN_FREE,1 ceapa mare;2 ardei medii;3 rosii mari coapte;4 oua;sare;piper;putin chili;ulei masline,0,1195,820,https://www.e-retete.ro/imagini/retete/ghiveci-de-legume-cu-jumari-de-oua.jpg,https://www.e-retete.ro/retete/ghiveci-de-legume-cu-jumari-de-oua,7b5c3d57-c129-4ef3-a07c-12f34bf1a7f9
Ciocolata fierbinte cu chili,DRINKS,80 gr ciocolata cu alune de padure;1/4 lingurita chili pudra;1 varf de cutit cuisoare macinate;1 varf de cutit scortisoara macinata;1 pliculet zahar vanilat;3 lingurite amidon (optional);350 ml lapte,0,490,756,https://www.e-retete.ro/imagini/retete/ciocolata-fierbinte-cu-chili.jpg,https://www.e-retete.ro/retete/ciocolata-fierbinte-cu-chili,3799dfbb-63fe-4692-8c7b-fc73d16f390d
Paste cu pancetta ricotta si pecorino,DINNER,200 gr paste;100 gr pancetta;100 gr ricotta;20 gr pecorino razuit fin;20 gr unt;1/4 lingurita fulgi de chili;putin ulei de masline;sare;piper negru,0,463,1042,https://www.e-retete.ro/imagini/retete/paste-cu-pancetta-ricotta-si-pecorino.jpg,https://www.e-retete.ro/retete/paste-cu-pancetta-ricotta-si-pecorino,53b3fb66-cf47-4838-8385-48f64f1eec17
Carnati in sos de ardei si ceapa,LUNCH;GLUTEN_FREE,250 gr carnati proaspeti (4 subtiri sau 2 grosi);2 ardei colorati (1 ardei kapia rosu + 1/2 ardei gras verde deschis + 1/2 ardei gras galben);2 ardei semi-iuti bulgaresti;1 ceapa medie (cca 150 gr);1 rosie mica (cca 100 gr);1 lingura rasa pasta de rosii;50 ml vin alb sec;1 lingurita oregano uscat;4 linguri ulei masline;sare;piper negru,2,878,1196,https://www.e-retete.ro/imagini/retete/carnati-in-sos-de-ardei-si-ceapa.jpg,https://www.e-retete.ro/retete/carnati-in-sos-de-ardei-si-ceapa,d3d7b526-e138-46ff-8710-aec3a0011317
Brownie cu ciocolata,DESSERT,120 gr ciocolata neagra (70% cacao);60 gr unt gras;2 oua;150 gr zahar;30 gr faina;10 gr cacao;1 priza sare;100 gr fructe uscate (50 gr stafide brune + 50 gr smochine uscate),0,570,2032,https://www.e-retete.ro/imagini/retete/brownie-cu-ciocolata.jpg,https://www.e-retete.ro/retete/brownie-cu-ciocolata,f2b9595a-4851-4680-b60c-d343e993469a
Pastai scazute cu cartofi si rosii,LOW_CALORIES;GLUTEN_FREE;LUNCH,700 gr pastai galbene;2 cartofi;1 ceapa mare;3 catei usturoi;2 rosii mari;1/4 legaturica patrunjel;4 fire marar;1/2 lingurita oregano;4 linguri ulei;sare;piper,0,1694,881,https://www.e-retete.ro/imagini/retete/pastai-scazute-cu-cartofi-si-rosii.jpg,https://www.e-retete.ro/retete/pastai-scazute-cu-cartofi-si-rosii,e4aeeb18-7c71-4e40-8688-a4ff62e06443
Salata mediteraneana,LOW_CALORIES;GLUTEN_FREE;BREAKFAST,200 gr feta;7 rosii uscate in ulei de masline;10 masline negre;3 fire marar;3 fire patrunjel;2 cepe verzi;3-4 linguri ulei masline;piper,3,500,1430,https://www.e-retete.ro/imagini/retete/salata-mediteraneana.jpg,https://www.e-retete.ro/retete/salata-mediteraneana,889812eb-e6dc-4ea4-a1eb-e22754c9bbf3
Tortilla spaniola cu peste,BREAKFAST;GLUTEN_FREE,1 pastrav (file intreg cca 165 gr puteti folosi si fileuri de biban dorada);1 ceapa mai mica;2 ardei bulgaresti (sau alt tip de ardei verde-deschis);2 cartofi fainosi;6 oua;sare;piper negru;ulei de masline,2,1032,1335,https://www.e-retete.ro/imagini/retete/tortilla-spaniola-cu-cod.jpg,https://www.e-retete.ro/retete/tortilla-spaniola-cu-peste,3760f72a-bdb9-48fd-8379-6da32c573947
Linte verde cu ciuperci la cuptor,LUNCH;GLUTEN_FREE,150 gr linte verde;500 gr ciuperci champignon;1 ardei rosu (kapia);1 ceapa medie;3 fire marar;1 lingurita oregano uscat;1 foaie de dafin;1 lingura rasa pasta de rosii;3 -4 linguri ulei;sare;piper negru,4,827,1023,https://www.e-retete.ro/imagini/retete/linte-verde-cu-ciuperci-la-cuptor.jpg,https://www.e-retete.ro/retete/linte-verde-cu-ciuperci-la-cuptor,e02c75d6-458d-4942-b828-599d401235b1
Suc de mere fiert,DRINKS,1 l suc de mere;1 baton scortisoara (cca 8 cm);15 cuisoare;8 pastai cardamom verde (strivite cu latul cutitului ca sa expuneti semintele din pastaie);2 felii ghimbir;1 lingurita boabe de piper negru;2 lingurite cu varf ceai rooibos cu vanilie,4,1057,540,https://www.e-retete.ro/imagini/retete/suc-de-mere-fiert.jpg,https://www.e-retete.ro/retete/suc-de-mere-fiert,ea83fa55-1412-4f4e-8ba8-d1ea906714b3
Cobbler cu caise,DESSERT,1.2 kg caise ( nu foarte moi);50 gr zahar;coaja rasa de la 1 lamaie bio mica;120 gr unt la temp. camerei;100 gr zahar;1 plic zahar vanilat;200 gr faina alba;1 lingurite praf de copt;180 ml lapte;50 gr zahar;50 ml apa fierbinte,6,1913,2907,https://www.e-retete.ro/imagini/retete/cobbler-cu-caise.jpg,https://www.e-retete.ro/retete/cobbler-cu-caise,5d0eab09-ffef-46a6-8e3f-1af9c089c97a
Biscuiti integrali,DESSERT;LOW_CALORIES,120 gr fulgi de ovaz;30 gr nuca de cocos;1 lingura faina de grau integrala;2 linguri bune pudra de roscove;1 lingura zaharoza sau alt inlocuitor de zahar (sau 3 linguri zahar brun);1 priza sare;140 ml apa,0,245,490,https://www.e-retete.ro/imagini/retete/biscuiti-integrali.jpg,https://www.e-retete.ro/retete/biscuiti-integrali,1d5f4cec-378f-4670-867b-cd2807b6dc7a
Salata de dovlecei cu iaurt,BREAKFAST;GLUTEN_FREE,250 gr dovlecei;150 gr iaurt grecesc;2 fire marar;4 frunze mari menta;4 frunze mari busuioc;1 catel mare de usturoi;1 lingura ulei masline extravirgin;sare;piper negru,2,413,378,https://www.e-retete.ro/imagini/retete/salata-de-dovlecei-cu-iaurt.jpg,https://www.e-retete.ro/retete/salata-de-dovlecei-cu-iaurt,c0946308-0de4-4236-b5ed-ab577020e81b
Chiftele de cartofi si bulgur,DINNER;LOW_CALORIES,400 gr cartofi fainosi;100 gr bulgur fin;1/2 ceapa;1 lingura pasta de ardei;1/2 lingurita condiment turcesc;1 manunchi ceapa mica (cca 10 gr);1/4 legatura patrunjel;10 frunze menta;2 linguri ulei; sare;frunze de salata verde pentru servit,25,673,936,https://www.e-retete.ro/imagini/retete/chiftele-de-cartofi-si-bulgur.jpg,https://www.e-retete.ro/retete/chiftele-de-cartofi-si-bulgur,c061dda9-2391-4dea-998d-6191e805c565
Limonada cu capsuni,DRINKS,300 gr capsuni;12 frunze mari de busuioc;coaja rasa de la 1 lamaie;150 ml suc de lamaie (de la 2 lamai mari);650 ml apa minerala carbogazoasa (rece de la frigider);Sirop simplu;150 gr zahar;150 ml apa,4,1405,717,https://www.e-retete.ro/imagini/retete/limonada-cu-capsuni.jpg,https://www.e-retete.ro/retete/limonada-cu-capsuni,12947806-141c-4419-82ae-6de0f90edea4
Stollen cozonacel nemtesc cu fructe uscate,DESSERT,250 gr faina alba (tip BL55);140 gr lapte caldut;1/2 plic drojdie (cca 5 gr);1 galbenus de ou;50 gr unt (la temp. camerei);1 lingura cu varf coaja de lamaie si portocala conservata in zahar (cca 20 gr);1/2 lingurita sare;150 gr fructe uscate;Martipan;75 gr migdale (albe fara pielite);75 gr zahar;10 gr apa;coaja rasa de la 1/2 lamaie;1/2 ou,0,836,2151,https://www.e-retete.ro/imagini/retete/stollen-cozonacel-nemtesc-cu-fructe-uscate.jpg,https://www.e-retete.ro/retete/stollen-cozonacel-nemtesc-cu-fructe-uscate,fe6cbb0e-c666-46d1-8b40-e368589f77ca
Dovlecei la cuptor cu rosii si parmezan,DINNER;GLUTEN_FREE;LOW_CALORIES,2 dovlecei medii (cca 750 gr);5 fire patrunjel;1 conserva de rosii (de 400 gr);3 fileuri ansoa in ulei;3 catei usturoi;1/2 lingurita oregano uscat;30 gr parmezan razuit;3 linguri ulei masline;sare;piper negru,3,1219,973,https://www.e-retete.ro/imagini/retete/dovlecei-la-cuptor-cu-rosii-si-parmezan.jpg,https://www.e-retete.ro/retete/dovlecei-la-cuptor-cu-rosii-si-parmezan,20eaee7c-33f3-40e6-8809-627bdced5a23
Menemen,BREAKFAST;GLUTEN_FREE;LOW_CALORIES,4 oua;1 ceapa mica (cca 50 gr);2 ardei semi-iuti bulgaresti;1 rosie medie (cca 150 gr. 5 linguri pulpa de rosii);2 linguri ulei (poate fi ulei de masline cu gust mai neutru);sare;piper;pul biber;patrunjel,2,711,720,https://www.e-retete.ro/imagini/retete/menemen.jpg,https://www.e-retete.ro/retete/menemen,58d7c9c0-66b3-4e35-ba48-c6b7f5db342e
Fajitas cu carne tocata,LUNCH,200 gr carne tocata de vita (sau mix vita-porc);1/2 ardei verde;1/2 ardei rosu;1/2 ceapa medie;2 lingurite condiment adobo;aprox. 3 linguri sos adobo;aprox. 2 linguri smantana acra (fermentata);2 lipii libaneze (sau tortilla wraps);1 lingura ulei,2,659,1152,https://www.e-retete.ro/imagini/retete/fajita-cu-carne-tocata.jpg,https://www.e-retete.ro/retete/fajitas-cu-carne-tocata,ed8136e8-28d8-4ee3-aa1d-37016dea845c
Cornulete cu mac,DESSERT,225 gr faina alba tip 550;45 gr faina tip 480 (sau 000);150 gr smantana acra (fermentata. 25%);180 gr unt rece (82%);1 ou mic;1/8 lingurita sare;zahar pudra vanilat;Umplutura de mac;150 gr mac;25 gr gris;100 gr zahar;1 plic zahar vanilat;150 ml lapte,60,1158,4403,https://www.e-retete.ro/imagini/retete/cornulete-cu-mac.jpg,https://www.e-retete.ro/retete/cornulete-cu-mac,fc9a3821-fea2-44a5-954b-54f263e1a888
Supa de linte cu spanac si lapte de cocos,LUNCH;GLUTEN_FREE,350 gr linte verde;1 ceapa mica (cca 75 gr);1 ardei rosu mare (kapia sau gras);1/2 legatura patrunjel;4 catei usturoi;3 lingurite Garam Masala;1 lingurita cimbru uscat sfaramat;1 lingurita boia dulce;1/2 lingurita turmeric;1/4 lingurita fulgi de chili;150 ml lapte de cocos;100 gr spanac;15 frunze busuioc;1-2 fire marar;3 linguri ulei;sare;piper negru,6,978,12000,https://www.e-retete.ro/imagini/retete/supa-de-linte-cu-spanac-si-lapte-de-cocos.jpg,https://www.e-retete.ro/retete/supa-de-linte-cu-spanac-si-lapte-de-cocos,14103653-edeb-48aa-a663-4a76e4f625ab
Pui Peperoncino cu paste si crema de avocado,DINNER,1/2 piept de pui (un lob. aprox 400 gr);100 gr paste scurte (rigatoni);2 linguri ulei picant facut in casa;1/2 din piureul care a ramas in sita la prepararea uleiului picant;sare;piper negru;Piure de avocado;1/2 avocado;1 lingura suc de lamaie;2 linguri apa;sare;1/4 ceapa rosie;cateva rosii cherry,2,955,1707,https://www.e-retete.ro/imagini/retete/pui-peperoncino-cu-paste-si-crema-de-avocado.jpg,https://www.e-retete.ro/retete/pui-peperoncino-cu-paste-si-crema-de-avocado,da7014e0-0ed6-4699-90af-fbbddfe24c60
Biscuiti cu salvie si lamaie,DESSERT,115 gr unt gras sarat (82% grasime);130 -150 gr faina alba (tip BL55/550);50 gr zahar pudra;1 lingura frunze de salvie (tocate cat mai marunt);coaja rasa de la 1/2 lamaie bio,20,348,1488,https://www.e-retete.ro/imagini/retete/biscuiti-cu-salvie-si-lamaie.jpg,https://www.e-retete.ro/retete/biscuiti-cu-salvie-si-lamaie,29cabbdd-7c6c-45c5-9a8e-8be0ea27db6c
Prosciutto cu salsa de apio si ceapa rosie,BREAKFAST;GLUTEN_FREE;LOW_CALORIES,prosciutto din Parma;Salsa;3 tulpini de apio (mai subtiri);1 ceapa rosie mica;2-3 linguri suc de lamaie;3 frunze telina;5 fire patrunjel;1 lingura ulei masline extravirgin;sare,0,519,605,https://www.e-retete.ro/imagini/retete/prosciutto-cu-salsa-de-apio-si-ceapa-rosie.jpg,https://www.e-retete.ro/retete/prosciutto-cu-salsa-de-apio-si-ceapa-rosie,ecd3b872-2c94-46f3-b363-119549fbe3fd
Caipirinha,DRINKS,1 lime;25 gr zahar brun;cuburi de gheata;60 ml pitu cachaca (o bautura specifica Braziliei. un fel de rom obtinut din trestie de zahar),1,192,353,https://www.e-retete.ro/imagini/retete/caipirinha.jpg,https://www.e-retete.ro/retete/caipirinha,29b16bf8-0b46-4af0-9e4c-a8a1e04b68f6
Prajitura cu mure si mousse de iaurt,DESSERT,Blat cacao;75 gr faina alba;25 gr cacao;50 gr zahar pudra;3.5 gr praf copt;1 ou mic;50 ml lapte;40 ml ulei;1 priza sare;2 albusuri de ou;30 gr zahar tos fin;Mousse de iaurt;2 galbenusuri de ou;1 ou intreg mic;70 gr zahar;1 plic zahar vanilat bourbon;1 lingura apa;6 gr gelatina granulata;300 gr iaurt grecesc (10%);200 ml smantana pentru frisca (minim 32% grasime);500 gr sos de mure,10,1618,2532,https://www.e-retete.ro/imagini/retete/prajitura-cu-mure-si-mousse-de-iaurt.jpg,https://www.e-retete.ro/retete/prajitura-cu-mure-si-mousse-de-iaurt,48d54a24-e0c6-49ae-93a2-567eb6f6f690
Saramura de pui,LUNCH;GLUTEN_FREE;LOW_CALORIES,500 gr carne de pui (pulpe dezosate);4-6 catei usturoi;2 ardei grasi copti;1 ardei iute copt (sau 6 rasnite fulgi chili);3 rosii din conserva (sau coapte pe gratar);1 ceapa mica;1 lingurita cimbru uscat;1 lingurita rasa sare;1/4 lingurita piper;1/4 legatura patrunjel;4 linguri ulei,5,1661,2000,https://www.e-retete.ro/imagini/retete/saramura-de-pui.jpg,https://www.e-retete.ro/retete/saramura-de-pui,8957469e-5723-49f8-ada6-487a858f126d
Orez cu mazare si somon,DINNER;GLUTEN_FREE;LOW_CALORIES,50 gr orez cu bob lung;150 gr file somon;200 gr mazare (congelata);2 fire marar;2 fire patrunjel;2 fire ceapa verde tanara;coaja rasa de la 1/4 lamaie bio;3 linguri suc de lamaie;2 linguri ulei de masline;sare;piper negru,2,451,700,https://www.e-retete.ro/imagini/retete/orez-cu-mazare-si-somon.jpg,https://www.e-retete.ro/retete/orez-cu-mazare-si-somon,050691b2-462d-4b86-888b-26751d1f9f90
Cartofi cu chorizo si oua,BREAKFAST;GLUTEN_FREE,6 cartofi (mai mici);2 oua;70 gr carnati chorizo picanti (sau carnati picanti unguresti);1/4 lingurita cimbru uscat (sau oregano);1 varf lingurita boia afumata (sau boia dulce);1 lingura ulei;sare;piper negru,2,1251,1520,https://www.e-retete.ro/imagini/retete/cartofi-cu-chorizo-si-oua.jpg,https://www.e-retete.ro/retete/cartofi-cu-chorizo-si-oua,6e39e8b4-adad-4a5e-98d9-530c0fe5a03f
Cornuri cu unt si salvie,DESSERT,350 faina alba (tip BL55/550);50 ml kefir;50 ml lapte caldut;50 ml apa calduta;50 ml ulei;1 ou;1/2 plic drojdie uscata;1/2 lingurita sare;1 lingurita zahar;Umplutura;75 gr unt;10 frunze mari de salvie;1 lingurita sare;Decor;1 ou;3 linguri lapte;branza tare/semi-tare razuita;piper negru,16,850,2390,https://www.e-retete.ro/imagini/retete/cornuri-cu-unt-si-salvie.jpg,https://www.e-retete.ro/retete/cornuri-cu-unt-si-salvie,2252dbbb-c6a1-4f9c-ba9f-60df1b251f84
Inghetata de orez cu scortisoara,DESSERT;LOW_CALORIES,750 ml lapte (3.5%);75 gr orez cu bob rotund (Camolino);1 priza sare;1 baton de scortisoara de 5m;2 fasii coaja de lamaie;35 gr zahar;3 galbenusuri;50 gr zahar;375 ml lapte (3.5%),0,1400,931,https://www.e-retete.ro/imagini/retete/inghetata-de-orez-cu-scortisoara.jpg,https://www.e-retete.ro/retete/inghetata-de-orez-cu-scortisoara,8532d791-69ca-4522-a03a-5a163e6974ea
Supa crema de conopida cu chorizo,LUNCH;GLUTEN_FREE;LOW_CALORIES,1 conopida medie (cca 600 gr);1 ceapa medie;1 catel usturoi;1/2 lingurita chimen zdrobit (sau seminte de fenicul zdrobite);50 gr chorizo; 2 felii mici de paine;3 linguri ulei;sare;piper negru;patrunjel,4,1000,955,https://www.e-retete.ro/imagini/retete/supa-crema-de-conopida-cu-chorizo.jpg,https://www.e-retete.ro/retete/supa-crema-de-conopida-cu-chorizo,99a0483e-e88a-4eb0-afa8-aafc49e29325
Pizza cu ciuperci,DINNER,1 portie aluat de paine frantuzeasca sau 1 portie aluat de pizza;450 gr branza;200 gr ciuperci champignon;10-12 linguri sos Tomato frito de la Heinz (sau sos de rosii in stil spaniol);oregano,3,2850,4970,https://www.e-retete.ro/imagini/retete/pizza-cu-ciuperci.jpg,https://www.e-retete.ro/retete/pizza-cu-ciuperci,ba714884-6594-403f-a8ac-8f48b6767f98
Sangria,DRINKS,1 litru vin rosu;3 linguri rom (sau cateva linguri de coniac);3 linguri lichior de portocale;3 portocale;1 lamaie;1 lime;2-4 linguri zahar;1 baton scortisoara;alte fructe (caise/zmeura/capsuni/mere etc.),4,1600,1355,https://www.e-retete.ro/imagini/retete/sangria.jpg,https://www.e-retete.ro/retete/sangria,ba08ef55-6374-4ffb-8414-5b18a9c42ad4
Aripioare cu ghimbir si ceapa verde,LUNCH;GLUTEN_FREE,1 kg aripioare de pui;3/4 lingurita boia dulce;1/4 lingurita boia afumata;1 lingurita usturoi granulat;1 lingurita ghimbir pudra;sare;piper negru;1 lingura ulei;1 lingurita ghimbir razuit fin (pasta);1/2 lingurita oregano uscat;1 lingurita pasta de ardei iute;1 lingura unt;4 fire ceapa verde tanara,4,1138,3100,https://www.e-retete.ro/imagini/retete/aripioare-cu-ghimbir-si-ceapa-verde.jpg,https://www.e-retete.ro/retete/aripioare-cu-ghimbir-si-ceapa-verde,31acdeec-8741-48c5-99bf-e3cd8de92a8b
Supa rustica de rosii,DINNER;LUNCH;GLUTEN_FREE,2 kg rosii bine coapte;5 catei foarte mari de usturoi;1 ceapa mica;2 fire bogate de cimbru proaspat;6-7 linguri ulei de masline extravirgin;branza semi-tare de oaie ulei aromat cu jamon (sau felii de jamon);sare;piper negru,4,2572,2255,https://www.e-retete.ro/imagini/retete/supa-rustica-de-rosii.jpg,https://www.e-retete.ro/retete/supa-rustica-de-rosii,8d876bef-c2ba-478f-a82f-5decfb5d68cd
Latte Royal,DRINKS,"Latte;1 cana lapte;Sirop ""Gingerbread"";150 gr zahar;150 ml apa;2 lingurite rase condiment ""Gingerbread"";Condiment ""Gingerbread"";2 linguri scortisoara macinata;1 lingura ghimbir pudra;1 1/2 lingurita ienibahar macinat;1 1/2 lingurita cuisoare macinate;3/4 lingurita nucsoara macinata",0,650,800,https://www.e-retete.ro/imagini/retete/latte-royal.jpg,https://www.e-retete.ro/retete/latte-royal,5ab03a07-f6a0-4c41-be32-0b17296bfe47
Tarta fina cu mere si crema de migdale,DESSERT,1 aluat foietaj;Crema de migdale;55 gr migdale fara coaja macinate marunt;55 gr zahar pudra;55 gr unt la temp. camerei;1/4 baton vanilie (sau 1/4 lingurita pasta de vanilie);1 lingura brandy de mere;10 gr faina alba;1 ou;Umplutura de mere;3 mere;40 gr unt;40 gr zahar vanilinat;50 ml brandy de mere,3,750,1654,https://www.e-retete.ro/imagini/retete/tarta-rapida-cu-mere-si-crema-de-migdale.jpg,https://www.e-retete.ro/retete/tarta-fina-cu-mere-si-crema-de-migdale,52b88f8e-de63-4074-8fca-af07af498b6e
Salata de conopida si varza Brussels,BREAKFAST;LOW_CALORIES;GLUTEN_FREE,500 gr conopida;500 gr varza Brussels;1 lingura plina cu mustar cu boabe;2-3 catei usturoi;2 linguri suc lamaie;4 linguri ulei masline;sare;piper,0,1130,136,https://www.e-retete.ro/imagini/retete/salata-de-conopida-si-varza-brussels.jpg,https://www.e-retete.ro/retete/salata-de-conopida-si-varza-brussels,a4f9941a-92db-4c75-92b5-88e4ab2844ee
Hot-dog cu varza murata,BREAKFAST,Aluat;350 gr faina alba;210 ml apa calduta;1/2 pachet drojdie proaspata sau uscata;1 lingurita sare;1/2 lingurita zahar;Umplutura;8 crenvursti (vegetali pentru varianta de post);8 linguri varza murata;mustar (aprox. 8 lingurite);piper,8,1385,2115,https://www.e-retete.ro/imagini/retete/hot-dog-cu-varza-murata.jpg,https://www.e-retete.ro/retete/hot-dog-cu-varza-murata,51777621-947c-468c-a5af-c47767e32bb1
Ayran,DRINKS,500 gr iaurt gras rece;1/2 cana apa rece;3-4 frunze de menta;1/2 lingurita sare;1 priza chimion (cumin);cuburi de gheata,0,590,350,https://www.e-retete.ro/imagini/retete/ayran.jpg,https://www.e-retete.ro/retete/ayran,90f4db70-d606-462a-94ff-2f8956f85b95
Pui cu linte rosie la cuptor,LUNCH;DINNER;GLUTEN_FREE,2 pulpe intregi de pui (sau 4-6 pulpe inferioare. aprox 600 gr carne cu os);1 ceapa medie;3 catei usturoi;1 lingurita cu varf pasta de rosii;1/4 lingurita boia afumata;1 lingurita boia dulce;1 lingurita oregano uscat;1 foaie de dafin;2-3 fire marar;250 gr linte rosie;12 rosii cherry;1 lingurita ulei de masline + putin pt uns pulpele;sare;piper negru;turmeric,4,1212,1480,https://www.e-retete.ro/imagini/retete/pui-cu-linte-rosie-la-cuptor.jpg,https://www.e-retete.ro/retete/pui-cu-linte-rosie-la-cuptor,053982f3-d9e2-45c8-ac99-5d2c8af61b41
Cheesecake spaniol La Vina,DESSERT;GLUTEN_FREE,1 kg crema de branza;500 ml smantana dulce pentru frisca (35% grasime);7 oua mai mici (sau 6 mari);350 gr zahar fin;1 pastaie vanilie (sau 1 lingurita pasta de vanilie);30 gr amidon,8,2190,6380,https://www.e-retete.ro/imagini/retete/cheesecake-spaniol-la-vina.jpg,https://www.e-retete.ro/retete/cheesecake-spaniol-la-vina,9a9a2f04-675a-4aff-8211-62eb624193f0
Ciorba cu naut pui si frunze de sfecla,DINNER;LUNCH;GLUTEN_FREE;LOW_CALORIES,1 ceapa mare;4-5 catei usturoi;2 conserve de naut (de 400 gr fiecare);2 pulpe dezosate de pui;200 gr frunze de sfecla (sau spanac);150 gr iaurt grecesc (10%);2 linguri ulei masline;sare;piper negru;turmeric;cimbru (uscat sau proaspat),5,1785,1580,https://www.e-retete.ro/imagini/retete/ciorba-cu-naut-pui-si-frunze-de-sfecla.jpg,https://www.e-retete.ro/retete/ciorba-cu-naut-pui-si-frunze-de-sfecla,cec3ef10-2128-4bf6-80e7-6a665d32cd48
Cookies de ciocolata cu nuca,DESSERT,115 gr ciocolata neagra (70% cacao);25 gr unt nesarat (80% grasime);70 gr zahar fin10 gr zahar vanilat (bourbon);1 ou;1/2 lingurita esenta de cafea;25 gr faina alba;1 priza sare;1 varf cutit bicarbonat de sodiu;50 gr nuca tocata;50 gr fulgi/chipsuri de ciocolata (minim 50% cacao),16,360,1776,https://www.e-retete.ro/imagini/retete/cookies-de-ciocolata-cu-nuca.jpg,https://www.e-retete.ro/retete/cookies-de-ciocolata-cu-nuca,1c40a11a-78d8-4c93-b75a-2ae444833bdf
Jumari de oua cu dovlecei,BREAKFAST;GLUTEN_FREE;LOW_CALORIES,3-4 oua;1 dovlecel mic;1 ceapa medie;cateva fire patrunjel;2-3 prize oregano;2 linguri ulei;sare,3,362,616,https://www.e-retete.ro/imagini/retete/jumari-de-oua-cu-dovlecei.jpg,https://www.e-retete.ro/retete/jumari-de-oua-cu-dovlecei,3adcc6ac-05e2-47a3-b5e0-7e07ef2dd9f9
Clatite olandeze cu mere,BREAKFAST;DESSERT,1 mar acrisor;2 linguri unt;Aluat;1 ou;100 gr faina alba;200 ml lapte;2 linguri unt topit;1 priza sare;2 linguri zahar;Pentru ornat;zahar aromat: 2 linguri cu varf zahar pudra + 1 lingurita scortisoara + 1/2 lingurita cuisoare macinate;sirop de zahar (sau sirop de artar/miere/smanatana),2,610,1451,https://www.e-retete.ro/imagini/retete/clatite-olandeze-cu-mere.jpg,https://www.e-retete.ro/retete/clatite-olandeze-cu-mere,2391899a-7bb7-4f78-9ad2-94ec7e81d4b3
Drob de ficat cu orez,DINNER;LUNCH;BREAKFAST,400 gr pate de ficat cumparat;6 linguri cu varf orez fiert3 fire ceapa verde;3 fire marar;1/4 legatura patrunjel;2 oua fierte tari;2 oua crude;1 lingura pesmet;sare;piper;putin ulei pentru uns tava;1 ou;1 lingura smantana,0,890,1370,https://www.e-retete.ro/imagini/retete/drob-de-ficat-cu-orez.jpg,https://www.e-retete.ro/retete/drob-de-ficat-cu-orez,8f14bbbc-f153-4bc3-9739-114bc12338bf
Lassi cu cardamom si apa de portocale,DRINKS,600 gr iaurt natur;1/4 lingurita cardamom macinat;1/2 lingurita apa de flori de portocal;4 linguri apa (sau lapte);Sirop;80 ml apa;50 gr zahar;1 priza sofran (sau turmeric. optional),3,805,630,https://www.e-retete.ro/imagini/retete/lassi-cu-cardamom-si-apa-de-portocale.jpg,https://www.e-retete.ro/retete/lassi-cu-cardamom-si-apa-de-portocale,61a5cfc1-dd9e-4870-9b13-9356b391a4e5
Sushi Uramaki,BREAKFAST;DINNER;LUNCH;LOW_CALORIES,1 portie orez pentru sushi;300 gr somon file (sau alt peste);1/2 lingurita pasta de ardei iute;1 castravete;putina ceapa verde uscata pentru decor;foi nori;wasabi;ghimbir in saramura;sos de soia,6,920,1126,https://www.e-retete.ro/imagini/retete/sushi-uramaki.jpg,https://www.e-retete.ro/retete/sushi-uramaki,9aa20ea4-5ead-46c9-8550-21fa3750cf95
Salata de ciuperci marinate,BREAKFAST;LOW_CALORIES;GLUTEN_FREE,300 gr ciuperci champignon;1 dovlecel mic mic;1/2 legaturica patrunjel;1 lingura parmezan razuit (optional);Dressing;sucul de la 1 lamaie;80 ml ulei masline;1 lingura ceapa rosie tocata marunt;1 catel usturoi;sare;piper,2,560,990,https://www.e-retete.ro/imagini/retete/salata-de-ciuperci-marinate.jpg,https://www.e-retete.ro/retete/salata-de-ciuperci-marinate,2bb918e2-c506-49a0-bf84-d30c70ab5b56
Spanac cu rosii,LOW_CALORIES;LUNCH;DINNER,300 gr spanac;400 gr rosii din conserva;2 catei usturoi;1 ceapa mica (cca 100 gr);1 lingurita rasa curry pudra;chili dupa gust;sare;piper;putin ulei,2,854,519,https://www.e-retete.ro/imagini/retete/spanac-cu-rosii.jpg,https://www.e-retete.ro/retete/spanac-cu-rosii,5cfc3675-6584-40ab-9607-5a38aba40732
Ardei copti in stil mexican,LOW_CALORIES;LUNCH;DINNER,5 ardei kapia (3 rosii si 2 verzi);2 cartofi;1 ceapa mare;140 gr porumb fiert din conserva;1/2 ardei iute;3 linguri smantana(sau iaurt grecesc);Sare;piper; chili fulgi;3 linguri ulei,0,1715,1155,https://www.e-retete.ro/imagini/retete/ardei-copti-in-stil-mexican.jpg,https://www.e-retete.ro/retete/ardei-copti-in-stil-mexican,b1fde63d-ff38-4a39-935d-8e9c474f1700
Gulas de ciuperci,DINNER;GLUTEN_FREE;LOW_CALORIES;LUNCH,600 gr mix de ciuperci;1 catel usturoi;1 fir mic rozmarin;1 fir mic cimbru;5 fire patrunjel;1 lingura ulei;sare;piper negru;Sos gulas;1 ardei rosu;1/2 ceapa mica (cca 15 gr);1 catel usturoi;1 lingurita cu varf boia de ardei dulce;1 lingurita cu varf pasta de rosii;1 lingurita crema de otet balsamic;1 priza zahar;1 lingura ulei;sare,2,853,522,https://www.e-retete.ro/imagini/retete/gulas-de-ciuperci.jpg,https://www.e-retete.ro/retete/gulas-de-ciuperci,f0db2ae1-c789-4c38-9a49-17d102e46595
Biscuiti cu portocala si menta,DESSERT,115 gr unt gras (82% grasime);50 gr zahar pudra;coaja rasa de la 1 portocala bio mica;2 lingurite rase menta uscata si sfaramata;80 gr faina alba (BL55);20 gr amidon;50 gr faina de porumb (porumb macinat fin),0,335,1574,https://www.e-retete.ro/imagini/retete/biscuiti-cu-portocala-si-menta.jpg,https://www.e-retete.ro/retete/biscuiti-cu-portocala-si-menta,031627a7-bec1-4574-a110-8c2401dd3f9a
Paine la tigaie cu carne de porc condimentata,BREAKFAST,Aluat;500 gr faina alba (BL 55);150 ml apa fierbinte;150 ml apa calduta;10 gr drojdie uscata (1 plic);1/2 lingurita zahar;1 lingurita sare;Umplutura de carne;250 gr carne tocata de porc (minim 20% grasime);2 lingurite condiment pentru carne de porc;1 ceapa mica;1 lingura ulei;sare;Condiment pentru carne de porc;5 gr piper negru macinat;5 gr chimion macinat;5 gr chimen macinat;5 gr coriandru boabe macinate;5 gr chili (pudra sau fulgi);5 gr boia afumata;Pentru decor si uns;1 lingura ulei (sau unt topit);1/2 lingurita condiment pentru carne;putin patrunjel tocat,2,1285,2400,https://www.e-retete.ro/imagini/retete/paine-la-tigaie-cu-carne-de-porc-condimentata.jpg,https://www.e-retete.ro/retete/paine-la-tigaie-cu-carne-de-porc-condimentata,80ec5cb8-cd90-46fe-b166-b6d2c7b84007
Rulouri cu crema de vanilie,DESSERT,Aluat;340 gr faina alba;10 gr amidon;200 gr unt gras (80%);1 galbenus de ou;200 gr smantana acra (25% grasime);1 lingura otet;1/2 lingurita sare;Crema Chantilly;1 portie crema de vanilie;100 ml smantana dulce pentru frisca (35% grasime),12,1044,3640,https://www.e-retete.ro/imagini/retete/rulouri-cu-crema-de-vanilie.jpg,https://www.e-retete.ro/retete/rulouri-cu-crema-de-vanilie,4c0424a2-c5a2-43f6-b13a-ccc952559c46
Supa crema de sparanghel,DINNER;LUNCH;LOW_CALORIES,450 gr sparanghel proaspat (sau congelat);1 ceapa mare;2 tulpini de telina;2 catei de usturoi;350 ml supa de pui;1 lingura cu varf iaurt (grecesc);2 linguri ulei;sare;piper negru;Crutoane cu parmezan;felii de bagheta (multicereal);ulei de masline;parmezan razuit,3,1278,860,https://www.e-retete.ro/imagini/retete/supa-crema-de-sparanghel.jpg,https://www.e-retete.ro/retete/supa-crema-de-sparanghel,47785099-e038-47f2-8dcb-7be6af6b70d9
Salata de masline verzi nuca si rodie,BREAKFAST;GLUTEN_FREE,180 gr masline verzi (250 cantarite cu samburi);50 gr nuca;50 gr fistic (usor prajit);semintele de la 1 rodie;1 ardei iute rosu;1 ceapa mica rosie (cca 40 gr);1/2 legatura patrunjel;10 frunze mari de menta;2 linguri ulei masline;2 linguri suc de lamaie;1 lingura sirop de rodie (concentrat);sare;piper negru,5,844,1086,https://www.e-retete.ro/imagini/retete/salata-de-masline-verzi-nuca-si-rodie.jpg,https://www.e-retete.ro/retete/salata-de-masline-verzi-nuca-si-rodie,ef3f2f95-353b-4739-9b6a-557f01de3f2d
Cremes Carpati,DESSERT,Blat (aluat ecler);250 ml apa;125 gr unt (82% grasime);125 gr faina alba;5 oua;Crema de vanilie;750 ml lapte;140 gr zahar;1 plic zahar vanilat bourbon;1/2 pastaie vanilie;40 gr faina;40 gr amidon;6 galbenusuri de ou;1 priza sare;100 gr unt (82% grasime);1 foaie gelatina (1.5 gr),8,1782,4316,https://www.e-retete.ro/imagini/retete/cremes-carpati.jpg,https://www.e-retete.ro/retete/cremes-carpati,03678bb6-c2f4-4ab0-a940-180e0b47f555
Salata de cruditati cu mozzarella,BREAKFAST;LOW_CALORIES;GLUTEN_FREE,"2 maini de frunze tinere de spanac (sau salata verde. rucola);1 morcov mic;1 sfecla rosie mica;2 rosii;5-6 bile mozzarella;oregano;Dressing cu masline negre;1 sana de 200 gr;10 masline negre;1/2 lingurita ceapa verde uscata;1/2 lingurita fulgi de ceapa uscata;1/2 lingurita patrunjel uscat;1/4 lingurita usturoi granulat;1 priza buna de piper negru macinat;1 lingura ulei;sare,e9e647e6-46dd-4987-baae-b0168eb08abe,2,850,725,https://www.e-retete.ro/imagini/retete/salata-de-cruditati-cu-mozzarella.jpg,https://www.e-retete.ro/retete/salata-de-cruditati-cu-mozzarella,d8882427-fb1c-49d3-9500-4706cb4f249a
File de peste cu sos de rosii galbene si terina de dovlecei,DINNER;LUNCH;GLUTEN_FREE;LOW_CALORIES,600 gr file de peste;sare;Terina de dovlecei;Sos de rosii galbene;500 gr rosii galbene bine coapte;3 catei de usturoi;4 frunze busuioc;2-3 linguri de ulei de masline;sare;piper,4,1152,1122,https://www.e-retete.ro/imagini/retete/file-de-peste-cu-sos-de-rosii-galbene-si-terina.jpg,https://www.e-retete.ro/retete/file-de-peste-cu-sos-de-rosii-galbene-si-terina,3f5e266d-f628-49bf-8dc1-bb865e641291
Tarta cu smochine branza de capra si miere,DESSERT,Aluat;125 gr faina alba;115 gr unt rece;5 linguri apa rece;Umplutura;200 gr branza cremoasa de capra;90 gr miere (aprox 5 linguri);6 linguri smantana pentru frisca;1 varf cutit scortisoara;8-10 smochine proaspete;1 lingura miere pentru finisat;1/2 lingurita apa de flori de portocal,0,1044,2843,https://www.e-retete.ro/imagini/retete/tarta-cu-smochine-branza-de-capra-si-miere.jpg,https://www.e-retete.ro/retete/tarta-cu-smochine-branza-de-capra-si-miere,089115b3-49bd-4ccb-8622-3b16d8adfa1f
Fresh de fructe,DRINKS,6 portocale;4 mere mici;1 mango;1/2 lime (sau 1/2 lamaie mica);20 gr ghimbir proaspat,3,800,876,https://www.e-retete.ro/imagini/retete/fresh-de-fructe.jpg,https://www.e-retete.ro/retete/fresh-de-fructe,b69f74e1-e30a-4e4d-9d47-ea6bb5b99e39
Paine cu sunca si cascaval,BREAKFAST,Aluat;220 ml apa calduta;2 linguri ulei de masline;1/2 pliculet drojdie uscata (3.5gr);1 lingurita miere de albine;350 gr faina alba;1 1/2 lingurite sare;putin ulei pentru uns tava;Umplutura;6 felii subtiri sunca;150 cascaval razuit;piper,0,568,2530,https://www.e-retete.ro/imagini/retete/paine-cu-sunca-si-cascaval.jpg,https://www.e-retete.ro/retete/paine-cu-sunca-si-cascaval,c3d90aa1-fc7b-4af7-9eaf-7f4f70a1dbfa
Budinca de orez caramelizata,DESSERT,650 ml lapte;100 gr orez cu bob rotund;60 gr zahar (50 gr zahar tos + 10 gr zahar vanilat);1 lingurita generoasa unt gras;1 lingura brandy sau rom;Caramel;2 linguri cu varf zahar;1 lingurita suc de lamaie;1 lingurita unt,3,892,1100,https://www.e-retete.ro/imagini/retete/budinca-de-orez-caramelizata.jpg,https://www.e-retete.ro/retete/budinca-de-orez-caramelizata,63ccd948-52ee-4a54-8475-5f46e3bf6e09
Salata de calamari,LUNCH;DINNER;GLUTEN_FREE;LOW_CALORIES,400 gr calamari mici;1/2 ceapa rosie;1/4 legatura patrunjel (sau coriandru verde);3 frunze mari de menta;1/2 lamaie;sare;Dressing;2 limes;1 1/2 linguri zahar brun;1 1/2 lingura sos de peste;1 lingurita otet de orez;1/2 lingurita ulei de susan;1 fruza kaffir lime (sau coaja razuita de la 1/2 lime);2 catei usturoi;1 ardei iute mic. rosu,2,697,581,https://www.e-retete.ro/imagini/retete/salata-de-calamari.jpg,https://www.e-retete.ro/retete/salata-de-calamari,4eedbcf6-5eb5-4927-8da2-790186d7e89b
Piept de pui in sos de lamaie si capere,DINNER;LUNCH,1 piept de pui sau curcan dezosat (cca 400 gr);3 linguri capere (in otet sau saramura);1/2 lamaie;1/2 cana supa pui;1 catel usturoi;1/3 legatura patrunjel;1/4 cana faina;1/4 cana parmezan;1 lingurita boia dulce;3 linguri unt;3 linguri ulei masline;sare;piper,0,601,1618,https://www.e-retete.ro/imagini/retete/piept-de-pui-in-sos-de-lamaie-si-capere.jpg,https://www.e-retete.ro/retete/piept-de-pui-in-sos-de-lamaie-si-capere,101a1596-4638-4d57-a84f-98c984a55cf4
Salata de varza cu pui,BREAKFAST;GLUTEN_FREE;LOW_CALORIES,resturi de friptura de pui;1/2 varza mica;1 morcov;2 cepe verzi;1/2 legaturica patrunjel;3 linguri sos vietnamez;sare;Ceapa marinata;1 ceapa rosie mica;5 linguri otet de orez (sau alt otet alb);2 linguri zahar,0,937,765,https://www.e-retete.ro/imagini/retete/salata-de-varza-cu-pui.jpg,https://www.e-retete.ro/retete/salata-de-varza-cu-pui,6245f57b-f5f2-4a23-a8b4-10089dba43cd
Pulpe de pui si naut in sos de iaurt,DINNER;LUNCH;GLUTEN_FREE,6 pulpe de coquelet (sau 3 pulpe intregi de pui. 500 gr carne cu os);3 catei usturoi;1 lingurita cu varf ghimbir razuit;1 lingurita coriandru macinat;1 lingurita chimion macinat;1/2 lingurita fulgi de chili;150 ml apa;250 gr naut fiert;100 gr iaurt grecesc (10%);1/2 lingurita menta uscata macinata;cateva frunze de menta proaspata;1 fir ceapa verde;1 lingura ulei;sare;piper negru;turmeric,3,796,1819,https://www.e-retete.ro/imagini/retete/pulpe-de-pui-si-naut-in-sos-de-iaurt.jpg,https://www.e-retete.ro/retete/pulpe-de-pui-si-naut-in-sos-de-iaurt,577b3e3e-3f3e-46d1-a56b-2c6ae8bf53af
Prajitura cu mere,DESSERT,300 gr faina alba;5 gr praf de copt;1 priza de sare;150 ml ulei de masline neutru;4 oua;230 gr zahar;250 gr iaurt natural;50 ml brandy de mere;1 lamaie bio mica;3 mere medii acrisoare (cca 600 gr);1/4 lingurita anason macinat;1 plic zahar vanilat bourbon,0,1878,4183,https://www.e-retete.ro/imagini/retete/prajitura-cu-mere.jpg,https://www.e-retete.ro/retete/prajitura-cu-mere,7e0d18c0-3dc0-42ed-9102-4724cfa2ef90
Mojito,DRINKS,1 lingurita zahar;15 ml suc de lime;1 fir menta;60 ml apa minerala;60 ml rom;60 ml vin spumos (sampanie);5 cuburi de gheata,1,237,224,https://www.e-retete.ro/imagini/retete/mojito.jpg,https://www.e-retete.ro/retete/mojito,91518716-93f9-4fd7-b947-1eb718823b27
Limonada,DRINKS,250 ml suc proaspat de lamaie si lime;200 gr zahar;1 litru apa plata (4 cani);250 ml apa minerala carbogazoasa (1 cana);10 frunze menta;cuburi de gheata;Pentru decor;2 felii lamaie;3 felii lime;frunze menta,0,1765,838,https://www.e-retete.ro/imagini/retete/limonada.jpg,https://www.e-retete.ro/retete/limonada,41efbbb4-5af6-431a-a6f6-331ea33ad538
Curry de vinete,LUNCH;DINNER;LOW_CALORIES;GLUTEN_FREE,1 vanata mare (600 gr);5 catei usturoi;1/2 lingurita seminte chimen;1 foaie dafin;1/4 lingurita chili praf;1 ceapa;1 rosie;1 lingurita turmenic;1/2 lingurita ghimbir praf;1 lingura curry;150 gr iaurt;200 ml apa (sau supa legume);3 linguri ulei;cateva fire de patrunjel (sau coriandru);sare,4,1176,839,https://www.e-retete.ro/imagini/retete/curry-de-vinete.jpg,https://www.e-retete.ro/retete/curry-de-vinete,e66ff240-375a-4824-8f2d-52d547791d2b